<edmx:Edmx xmlns:edmx="http://schemas.microsoft.com/ado/2007/06/edmx"
	xmlns:m="http://schemas.microsoft.com/ado/2007/08/dataservices/metadata" xmlns:sap="http://www.sap.com/Protocols/SAPData" Version="1.0">
	<edmx:DataServices m:DataServiceVersion="2.0">
		<Schema xmlns="http://schemas.microsoft.com/ado/2008/09/edm" Namespace="ZCOCKPIT_COMERCIAL_SRV" xml:lang="en" sap:schema-version="1">
			<EntityType Name="PrnMaterial" m:HasStream="true" sap:content-version="1">
				<Key>
					<PropertyRef Name="Ekgrp"/>
					<PropertyRef Name="Lifnr"/>
				</Key>
				<Property Name="Ekgrp" Type="Edm.String" Nullable="false" MaxLength="3" sap:unicode="false" sap:creatable="false" sap:updatable="false"
					sap:sortable="false" sap:filterable="false"/>
				<Property Name="Lifnr" Type="Edm.String" Nullable="false" MaxLength="10" sap:unicode="false" sap:creatable="false" sap:updatable="false"
					sap:sortable="false" sap:filterable="false"/>
				<Property Name="MimeType" Type="Edm.String" Nullable="false" sap:unicode="false" sap:creatable="false" sap:updatable="false"
					sap:sortable="false" sap:filterable="false"/>
			</EntityType>
			<EntityType Name="POBusca" sap:content-version="1">
				<Key>
					<PropertyRef Name="Ekgrp"/>
					<PropertyRef Name="Lifnr"/>
				</Key>
				<Property Name="Ekgrp" Type="Edm.String" Nullable="false" MaxLength="3" sap:unicode="false" sap:creatable="false" sap:updatable="false"/>
				<Property Name="Lifnr" Type="Edm.String" Nullable="false" MaxLength="10" sap:unicode="false" sap:creatable="false" sap:updatable="false"/>
				<Property Name="Matnr" Type="Edm.String" MaxLength="18" sap:unicode="false" sap:creatable="false" sap:updatable="false"/>
				<Property Name="Ebeln" Type="Edm.String" MaxLength="10" sap:unicode="false" sap:creatable="false" sap:updatable="false"/>
				<Property Name="UF" Type="Edm.String" MaxLength="3" sap:unicode="false" sap:creatable="false" sap:updatable="false"/>
				<Property Name="Bandeira" Type="Edm.String" MaxLength="18" sap:unicode="false" sap:creatable="false" sap:updatable="false"/>
				<Property Name="Werks" Type="Edm.String" MaxLength="4" sap:unicode="false" sap:creatable="false" sap:updatable="false"/>
			</EntityType>
			<EntityType Name="Fornecedor" sap:content-version="1">
				<Key>
					<PropertyRef Name="Ekgrp"/>
					<PropertyRef Name="Lifnr"/>
				</Key>
				<Property Name="Ekgrp" Type="Edm.String" Nullable="false" MaxLength="3" sap:unicode="false" sap:label="Purch. Group" sap:creatable="false"
					sap:updatable="false"/>
				<Property Name="Lifnr" Type="Edm.String" Nullable="false" MaxLength="10" sap:unicode="false" sap:label="Vendor" sap:creatable="false"
					sap:updatable="false"/>
				<Property Name="Mcod1" Type="Edm.String" MaxLength="25" sap:unicode="false" sap:label="Name" sap:creatable="false" sap:updatable="false"/>
				<Property Name="Telf1" Type="Edm.String" MaxLength="16" sap:unicode="false" sap:label="Telephone 1" sap:creatable="false"
					sap:updatable="false"/>
				<Property Name="Telf2" Type="Edm.String" MaxLength="16" sap:unicode="false" sap:label="Telephone 2" sap:creatable="false"
					sap:updatable="false"/>
				<Property Name="Telfx" Type="Edm.String" MaxLength="31" sap:unicode="false" sap:label="Fax Number" sap:creatable="false"
					sap:updatable="false"/>
				<Property Name="Stcd1" Type="Edm.String" MaxLength="16" sap:unicode="false" sap:label="Tax Number 1" sap:creatable="false"
					sap:updatable="false"/>
				<Property Name="Ort01" Type="Edm.String" MaxLength="35" sap:unicode="false" sap:label="City" sap:creatable="false" sap:updatable="false"/>
				<Property Name="Regio" Type="Edm.String" MaxLength="3" sap:unicode="false" sap:label="Region" sap:creatable="false" sap:updatable="false"/>
				<Property Name="Dtultcp" Type="Edm.DateTime" Precision="7" sap:unicode="false" sap:creatable="false" sap:updatable="false"/>
				<NavigationProperty Name="POReset" Relationship="ZCOCKPIT_COMERCIAL_SRV.FornecedorPOReset" FromRole="FromRole_FornecedorPOReset"
					ToRole="ToRole_FornecedorPOReset"/>
				<NavigationProperty Name="Produto" Relationship="ZCOCKPIT_COMERCIAL_SRV.FornecedorProduto" FromRole="FromRole_FornecedorProduto"
					ToRole="ToRole_FornecedorProduto"/>
				<NavigationProperty Name="PO" Relationship="ZCOCKPIT_COMERCIAL_SRV.FornecedorPO" FromRole="FromRole_FornecedorPO"
					ToRole="ToRole_FornecedorPO"/>
				<NavigationProperty Name="POSum" Relationship="ZCOCKPIT_COMERCIAL_SRV.FornecedorPOSum" FromRole="FromRole_FornecedorPOSum"
					ToRole="ToRole_FornecedorPOSum"/>
				<NavigationProperty Name="POCria" Relationship="ZCOCKPIT_COMERCIAL_SRV.FornecedorPOCria" FromRole="FromRole_FornecedorPOCria"
					ToRole="ToRole_FornecedorPOCria"/>
			</EntityType>
			<EntityType Name="PedCriado" sap:content-version="1">
				<Key>
					<PropertyRef Name="Nroseq"/>
					<PropertyRef Name="Werks"/>
					<PropertyRef Name="PedEbeln"/>
				</Key>
				<Property Name="Nroseq" Type="Edm.String" Nullable="false" MaxLength="10" sap:unicode="false" sap:creatable="false" sap:updatable="false"/>
				<Property Name="Werks" Type="Edm.String" Nullable="false" MaxLength="4" sap:unicode="false" sap:label="Plant" sap:creatable="false"
					sap:updatable="false"/>
				<Property Name="PedEbeln" Type="Edm.String" Nullable="false" MaxLength="10" sap:unicode="false" sap:label="Purchasing Doc."
					sap:creatable="false" sap:updatable="false"/>
			</EntityType>
			<EntityType Name="PrnMateriaisLojas" m:HasStream="true" sap:content-version="1">
				<Key>
					<PropertyRef Name="Ekgrp"/>
					<PropertyRef Name="Lifnr"/>
				</Key>
				<Property Name="Ekgrp" Type="Edm.String" Nullable="false" MaxLength="3" sap:unicode="false" sap:creatable="false" sap:updatable="false"
					sap:sortable="false" sap:filterable="false"/>
				<Property Name="Lifnr" Type="Edm.String" Nullable="false" MaxLength="10" sap:unicode="false" sap:creatable="false" sap:updatable="false"
					sap:sortable="false" sap:filterable="false"/>
				<Property Name="MimeType" Type="Edm.String" Nullable="false" sap:unicode="false" sap:creatable="false" sap:updatable="false"
					sap:sortable="false" sap:filterable="false"/>
			</EntityType>
			<EntityType Name="PrnLojas" m:HasStream="true" sap:content-version="1">
				<Key>
					<PropertyRef Name="Ekgrp"/>
					<PropertyRef Name="Lifnr"/>
					<PropertyRef Name="Matnr"/>
				</Key>
				<Property Name="Ekgrp" Type="Edm.String" Nullable="false" MaxLength="3" sap:unicode="false" sap:creatable="false" sap:updatable="false"
					sap:sortable="false" sap:filterable="false"/>
				<Property Name="Lifnr" Type="Edm.String" Nullable="false" MaxLength="10" sap:unicode="false" sap:creatable="false" sap:updatable="false"
					sap:sortable="false" sap:filterable="false"/>
				<Property Name="Matnr" Type="Edm.String" Nullable="false" MaxLength="18" sap:unicode="false" sap:creatable="false" sap:updatable="false"
					sap:sortable="false" sap:filterable="false"/>
				<Property Name="MimeType" Type="Edm.String" Nullable="false" sap:unicode="false" sap:creatable="false" sap:updatable="false"
					sap:sortable="false" sap:filterable="false"/>
			</EntityType>
			<EntityType Name="CD" sap:content-version="1">
				<Key>
					<PropertyRef Name="Werks"/>
				</Key>
				<Property Name="Werks" Type="Edm.String" Nullable="false" MaxLength="4" sap:unicode="false" sap:label="" sap:creatable="false"
					sap:updatable="false"/>
				<Property Name="Nome" Type="Edm.String" MaxLength="30" sap:unicode="false" sap:label="" sap:creatable="false" sap:updatable="false"/>
				<Property Name="Bandeira" Type="Edm.String" MaxLength="18" sap:unicode="false" sap:label="Class" sap:creatable="false" sap:updatable="false"/>
				<Property Name="UF" Type="Edm.String" MaxLength="3" sap:unicode="false" sap:label="Region" sap:creatable="false" sap:updatable="false"/>
			</EntityType>
			<EntityType Name="POSum" sap:content-version="1">
				<Key>
					<PropertyRef Name="Ekgrp"/>
					<PropertyRef Name="Lifnr"/>
				</Key>
				<Property Name="Ekgrp" Type="Edm.String" Nullable="false" MaxLength="3" sap:unicode="false" sap:creatable="false" sap:updatable="false"/>
				<Property Name="Lifnr" Type="Edm.String" Nullable="false" MaxLength="10" sap:unicode="false" sap:creatable="false" sap:updatable="false"/>
				<Property Name="Mcod1" Type="Edm.String" MaxLength="25" sap:unicode="false" sap:creatable="false" sap:updatable="false"/>
				<Property Name="Total" Type="Edm.Decimal" Precision="13" Scale="3" sap:unicode="false" sap:creatable="false" sap:updatable="false"/>
			</EntityType>
			<EntityType Name="PO" sap:content-version="1">
				<Key>
					<PropertyRef Name="Ekgrp"/>
					<PropertyRef Name="Lifnr"/>
					<PropertyRef Name="Matnr"/>
				</Key>
				<Property Name="Ekgrp" Type="Edm.String" Nullable="false" MaxLength="3" sap:unicode="false" sap:label="Purch. Group" sap:creatable="false"
					sap:updatable="false"/>
				<Property Name="Maabc" Type="Edm.String" MaxLength="1" sap:unicode="false" sap:label="ABC Indicator" sap:creatable="false"
					sap:updatable="false"/>
				<Property Name="Lifnr" Type="Edm.String" Nullable="false" MaxLength="10" sap:unicode="false" sap:label="Vendor" sap:creatable="false"
					sap:updatable="false"/>
				<Property Name="Matnr" Type="Edm.String" Nullable="false" MaxLength="18" sap:unicode="false" sap:label="Material" sap:creatable="false"
					sap:updatable="false"/>
				<Property Name="Maktx" Type="Edm.String" MaxLength="40" sap:unicode="false" sap:label="Description" sap:creatable="false"
					sap:updatable="false"/>
				<Property Name="Mvd" Type="Edm.Decimal" Precision="13" Scale="3" sap:unicode="false" sap:creatable="false" sap:updatable="false"/>
				<Property Name="Dtultcp" Type="Edm.DateTime" Precision="7" sap:unicode="false" sap:creatable="false" sap:updatable="false"/>
				<Property Name="Prultcp" Type="Edm.Decimal" Precision="14" Scale="3" sap:unicode="false" sap:creatable="false" sap:updatable="false"/>
				<Property Name="Dtultvd" Type="Edm.DateTime" Precision="7" sap:unicode="false" sap:creatable="false" sap:updatable="false"/>
				<Property Name="Prultvd" Type="Edm.Decimal" Precision="14" Scale="3" sap:unicode="false" sap:creatable="false" sap:updatable="false"/>
				<Property Name="MrgAta" Type="Edm.Decimal" Precision="14" Scale="3" sap:unicode="false" sap:creatable="false" sap:updatable="false"/>
				<Property Name="MrgVar" Type="Edm.Decimal" Precision="14" Scale="3" sap:unicode="false" sap:creatable="false" sap:updatable="false"/>
				<Property Name="UnidadeCp" Type="Edm.String" MaxLength="10" sap:unicode="false" sap:creatable="false" sap:updatable="false"/>
				<Property Name="EstCd" Type="Edm.Decimal" Precision="13" Scale="3" sap:unicode="false" sap:creatable="false" sap:updatable="false"/>
				<Property Name="EstLoja" Type="Edm.Decimal" Precision="13" Scale="3" sap:unicode="false" sap:creatable="false" sap:updatable="false"/>
				<Property Name="EstTroca" Type="Edm.Decimal" Precision="13" Scale="3" sap:unicode="false" sap:creatable="false" sap:updatable="false"/>
				<Property Name="EstTeor" Type="Edm.Decimal" Precision="13" Scale="3" sap:unicode="false" sap:creatable="false" sap:updatable="false"/>
				<Property Name="QtppendCent" Type="Edm.Decimal" Precision="13" Scale="3" sap:unicode="false" sap:creatable="false" sap:updatable="false"/>
				<Property Name="QtppendForn" Type="Edm.Decimal" Precision="13" Scale="3" sap:unicode="false" sap:creatable="false" sap:updatable="false"/>
				<Property Name="VlrVendaMm" Type="Edm.Decimal" Precision="14" Scale="3" sap:unicode="false" sap:creatable="false" sap:updatable="false"/>
				<Property Name="VlrVendaM1" Type="Edm.Decimal" Precision="14" Scale="3" sap:unicode="false" sap:creatable="false" sap:updatable="false"/>
				<Property Name="VlrVendaM2" Type="Edm.Decimal" Precision="14" Scale="3" sap:unicode="false" sap:creatable="false" sap:updatable="false"/>
				<Property Name="VlrVendaM3" Type="Edm.Decimal" Precision="14" Scale="3" sap:unicode="false" sap:creatable="false" sap:updatable="false"/>
				<Property Name="QtdVendaMm" Type="Edm.Decimal" Precision="13" Scale="3" sap:unicode="false" sap:creatable="false" sap:updatable="false"/>
				<Property Name="QtdVendaM1" Type="Edm.Decimal" Precision="13" Scale="3" sap:unicode="false" sap:creatable="false" sap:updatable="false"/>
				<Property Name="QtdVendaM2" Type="Edm.Decimal" Precision="13" Scale="3" sap:unicode="false" sap:creatable="false" sap:updatable="false"/>
				<Property Name="QtdVendaM3" Type="Edm.Decimal" Precision="13" Scale="3" sap:unicode="false" sap:creatable="false" sap:updatable="false"/>
				<Property Name="Sugestao" Type="Edm.Decimal" Precision="11" Scale="0" sap:unicode="false" sap:creatable="false" sap:updatable="false"/>
				<Property Name="Requisicao" Type="Edm.Decimal" Precision="11" Scale="0" sap:unicode="false" sap:creatable="false" sap:updatable="false"/>
				<Property Name="Suggstate" Type="Edm.String" MaxLength="256" sap:unicode="false" sap:creatable="false" sap:updatable="false"/>
				<Property Name="Valor" Type="Edm.Decimal" Precision="14" Scale="3" sap:unicode="false" sap:creatable="false" sap:updatable="false"/>
				<Property Name="Contract" Type="Edm.String" MaxLength="10" sap:unicode="false" sap:label="Agreement" sap:creatable="false"
					sap:updatable="false"/>
				<Property Name="Pedido" Type="Edm.String" MaxLength="1" sap:unicode="false" sap:label="Single-Character Indicator" sap:creatable="false"
					sap:updatable="false"/>
				<NavigationProperty Name="POVenda" Relationship="ZCOCKPIT_COMERCIAL_SRV.POPOVenda" FromRole="FromRole_POPOVenda" ToRole="ToRole_POPOVenda"/>
				<NavigationProperty Name="POCompra" Relationship="ZCOCKPIT_COMERCIAL_SRV.POPOCompra" FromRole="FromRole_POPOCompra"
					ToRole="ToRole_POPOCompra"/>
				<NavigationProperty Name="POHistorico" Relationship="ZCOCKPIT_COMERCIAL_SRV.POPOHistorico" FromRole="FromRole_POPOHistorico"
					ToRole="ToRole_POPOHistorico"/>
				<NavigationProperty Name="POFaceamento" Relationship="ZCOCKPIT_COMERCIAL_SRV.POPOFaceamento" FromRole="FromRole_POPOFaceamento"
					ToRole="ToRole_POPOFaceamento"/>
			</EntityType>
			<EntityType Name="POFaceamento" sap:content-version="1">
				<Key>
					<PropertyRef Name="Ekgrp"/>
					<PropertyRef Name="Lifnr"/>
					<PropertyRef Name="Matnr"/>
					<PropertyRef Name="Werks"/>
				</Key>
				<Property Name="Ekgrp" Type="Edm.String" Nullable="false" MaxLength="3" sap:unicode="false" sap:label="Purch. Group" sap:creatable="false"
					sap:updatable="false"/>
				<Property Name="Lifnr" Type="Edm.String" Nullable="false" MaxLength="10" sap:unicode="false" sap:label="Vendor" sap:creatable="false"
					sap:updatable="false"/>
				<Property Name="Matnr" Type="Edm.String" Nullable="false" MaxLength="18" sap:unicode="false" sap:label="Material" sap:creatable="false"
					sap:updatable="false"/>
				<Property Name="Werks" Type="Edm.String" Nullable="false" MaxLength="4" sap:unicode="false" sap:creatable="false" sap:updatable="false"/>
				<Property Name="Uf" Type="Edm.String" MaxLength="3" sap:unicode="false" sap:label="Region" sap:creatable="false" sap:updatable="false"/>
				<Property Name="Bandeira" Type="Edm.String" MaxLength="20" sap:unicode="false" sap:creatable="false" sap:updatable="false"/>
				<Property Name="Grupo" Type="Edm.String" MaxLength="10" sap:unicode="false" sap:label="Class group" sap:creatable="false"
					sap:updatable="false"/>
				<Property Name="Estloja" Type="Edm.Decimal" Precision="13" Scale="3" sap:unicode="false" sap:creatable="false" sap:updatable="false"/>
				<Property Name="Minbe" Type="Edm.Decimal" Precision="13" Scale="3" sap:unicode="false" sap:label="Reorder Point" sap:creatable="false"
					sap:updatable="false"/>
				<Property Name="Eisbe" Type="Edm.Decimal" Precision="13" Scale="3" sap:unicode="false" sap:label="Safety Stock" sap:creatable="false"
					sap:updatable="false"/>
				<Property Name="Mabst" Type="Edm.Decimal" Precision="13" Scale="3" sap:unicode="false" sap:label="Max.stock level" sap:creatable="false"
					sap:updatable="false"/>
				<Property Name="Bstrf" Type="Edm.Decimal" Precision="13" Scale="3" sap:unicode="false" sap:label="Rounding value" sap:creatable="false"
					sap:updatable="false"/>
				<Property Name="Gwert" Type="Edm.Decimal" Precision="13" Scale="3" sap:unicode="false" sap:label="Basic value" sap:creatable="false"
					sap:updatable="false"/>
			</EntityType>
			<EntityType Name="Emitidos" sap:content-version="1">
				<Key>
					<PropertyRef Name="Ped_Ebeln"/>
					<PropertyRef Name="Werks"/>
					<PropertyRef Name="Lifnr"/>
				</Key>
				<Property Name="Name1" Type="Edm.String" MaxLength="35" sap:unicode="false" sap:label="Name" sap:creatable="false" sap:updatable="false"/>
				<Property Name="Ped_Ebeln" Type="Edm.String" Nullable="false" MaxLength="10" sap:unicode="false" sap:label="Purchasing Doc."
					sap:creatable="false" sap:updatable="false"/>
				<Property Name="Ped_Bedat" Type="Edm.DateTime" Precision="7" sap:unicode="false" sap:label="PO Date" sap:creatable="false"
					sap:updatable="false"/>
				<Property Name="Ped_Eindt" Type="Edm.DateTime" Precision="7" sap:unicode="false" sap:label="Delivery Date" sap:creatable="false"
					sap:updatable="false"/>
				<Property Name="Ekgrp" Type="Edm.String" MaxLength="3" sap:unicode="false" sap:label="Purch. Group" sap:creatable="false"
					sap:updatable="false"/>
				<Property Name="Werks" Type="Edm.String" Nullable="false" MaxLength="4" sap:unicode="false" sap:creatable="false" sap:updatable="false"/>
				<Property Name="Lifnr" Type="Edm.String" Nullable="false" MaxLength="10" sap:unicode="false" sap:label="Vendor" sap:creatable="false"
					sap:updatable="false"/>
			</EntityType>
			<EntityType Name="POReset" sap:content-version="1">
				<Key>
					<PropertyRef Name="Werks"/>
					<PropertyRef Name="Ekgrp"/>
					<PropertyRef Name="Lifnr"/>
				</Key>
				<Property Name="Werks" Type="Edm.String" Nullable="false" MaxLength="4" sap:unicode="false" sap:creatable="false" sap:updatable="false"/>
				<Property Name="Ekgrp" Type="Edm.String" Nullable="false" MaxLength="3" sap:unicode="false" sap:creatable="false" sap:updatable="false"/>
				<Property Name="Lifnr" Type="Edm.String" Nullable="false" MaxLength="10" sap:unicode="false" sap:creatable="false" sap:updatable="false"/>
			</EntityType>
			<EntityType Name="Contrato" sap:content-version="1">
				<Key>
					<PropertyRef Name="Ebeln"/>
				</Key>
				<Property Name="Ebeln" Type="Edm.String" Nullable="false" MaxLength="10" sap:unicode="false" sap:label="Purchasing Doc."
					sap:creatable="false" sap:updatable="false"/>
				<Property Name="Lifnr" Type="Edm.String" MaxLength="10" sap:unicode="false" sap:label="Vendor" sap:creatable="false" sap:updatable="false"/>
				<Property Name="Ekgrp" Type="Edm.String" MaxLength="3" sap:unicode="false" sap:label="Purch. Group" sap:creatable="false"
					sap:updatable="false"/>
				<Property Name="Mcod1" Type="Edm.String" MaxLength="25" sap:unicode="false" sap:label="Name" sap:creatable="false" sap:updatable="false"/>
			</EntityType>
			<EntityType Name="Comprador" sap:content-version="1">
				<Key>
					<PropertyRef Name="Ekgrp"/>
				</Key>
				<Property Name="Ekgrp" Type="Edm.String" Nullable="false" MaxLength="3" sap:unicode="false" sap:label="Purch. Group" sap:creatable="false"
					sap:updatable="false"/>
				<Property Name="Uname" Type="Edm.String" MaxLength="12" sap:unicode="false" sap:label="User" sap:creatable="false" sap:updatable="false"/>
				<Property Name="Nome" Type="Edm.String" MaxLength="80" sap:unicode="false" sap:label="Complete name" sap:creatable="false"
					sap:updatable="false"/>
			</EntityType>
			<EntityType Name="Usuario" sap:content-version="1">
				<Key>
					<PropertyRef Name="Uname"/>
				</Key>
				<Property Name="Uname" Type="Edm.String" Nullable="false" MaxLength="12" sap:unicode="false" sap:label="User" sap:creatable="false"
					sap:updatable="false"/>
				<Property Name="Ekgrp" Type="Edm.String" MaxLength="3" sap:unicode="false" sap:label="Purch. Group" sap:creatable="false"
					sap:updatable="false"/>
				<Property Name="Nome" Type="Edm.String" MaxLength="80" sap:unicode="false" sap:label="Complete name" sap:creatable="false"
					sap:updatable="false"/>
			</EntityType>
			<EntityType Name="POItemsSum" sap:content-version="1">
				<Key>
					<PropertyRef Name="Ekgrp"/>
					<PropertyRef Name="Matnr"/>
					<PropertyRef Name="Lifnr"/>
				</Key>
				<Property Name="Ekgrp" Type="Edm.String" Nullable="false" MaxLength="3" sap:unicode="false" sap:creatable="false" sap:updatable="false"/>
				<Property Name="Matnr" Type="Edm.String" Nullable="false" MaxLength="18" sap:unicode="false" sap:creatable="false" sap:updatable="false"/>
				<Property Name="Lifnr" Type="Edm.String" Nullable="false" MaxLength="10" sap:unicode="false" sap:creatable="false" sap:updatable="false"/>
				<Property Name="Qtde" Type="Edm.Decimal" Precision="13" Scale="0" sap:unicode="false" sap:creatable="false" sap:updatable="false"/>
			</EntityType>
			<EntityType Name="UF" sap:content-version="1">
				<Key>
					<PropertyRef Name="Bland"/>
				</Key>
				<Property Name="Bland" Type="Edm.String" Nullable="false" MaxLength="3" sap:unicode="false" sap:label="Region" sap:creatable="false"
					sap:updatable="false"/>
				<Property Name="Bezei" Type="Edm.String" MaxLength="20" sap:unicode="false" sap:label="Description" sap:creatable="false"
					sap:updatable="false"/>
			</EntityType>
			<EntityType Name="AgendaItem" sap:content-version="1">
				<Key>
					<PropertyRef Name="Zuuid"/>
				</Key>
				<Property Name="Nomecomprador" Type="Edm.String" Nullable="false" MaxLength="80" sap:unicode="false" sap:label="Complete name"
					sap:creatable="false" sap:updatable="false" sap:sortable="false" sap:filterable="false"/>
				<Property Name="Zuuid" Type="Edm.String" Nullable="false" MaxLength="32" sap:unicode="false" sap:label="Universal Unique ID"
					sap:creatable="false" sap:updatable="false"/>
				<Property Name="Grpcompradores" Type="Edm.String" MaxLength="3" sap:unicode="false" sap:label="Purch. Group" sap:creatable="false"
					sap:updatable="false"/>
				<Property Name="Fornecedor" Type="Edm.String" MaxLength="10" sap:unicode="false" sap:label="Vendor" sap:creatable="false"
					sap:updatable="false"/>
				<Property Name="Nomefornecedor" Type="Edm.String" MaxLength="35" sap:unicode="false" sap:creatable="false" sap:updatable="false"/>
				<Property Name="Comentario" Type="Edm.String" MaxLength="50" sap:unicode="false" sap:label="Header Comm." sap:creatable="false"
					sap:updatable="false"/>
				<Property Name="Usuario" Type="Edm.String" MaxLength="12" sap:unicode="false" sap:label="User Name" sap:creatable="false"
					sap:updatable="false"/>
				<Property Name="Recorrente" Type="Edm.String" MaxLength="1" sap:unicode="false" sap:creatable="false" sap:updatable="false"/>
				<Property Name="Dthrinicio" Type="Edm.DateTimeOffset" Precision="0" sap:unicode="false" sap:creatable="false" sap:updatable="false"/>
				<Property Name="Dthrfim" Type="Edm.DateTimeOffset" Precision="0" sap:unicode="false" sap:creatable="false" sap:updatable="false"/>
				<Property Name="Modificador" Type="Edm.String" MaxLength="12" sap:unicode="false" sap:creatable="false" sap:updatable="false"/>
				<Property Name="Dthrmodif" Type="Edm.DateTimeOffset" Precision="0" sap:unicode="false" sap:creatable="false" sap:updatable="false"/>
			</EntityType>
			<EntityType Name="POHistorico" sap:content-version="1">
				<Key>
					<PropertyRef Name="Ekgrp"/>
					<PropertyRef Name="Lifnr"/>
					<PropertyRef Name="Matnr"/>
					<PropertyRef Name="Werks"/>
					<PropertyRef Name="Anomes"/>
				</Key>
				<Property Name="Ekgrp" Type="Edm.String" Nullable="false" MaxLength="3" sap:unicode="false" sap:label="Purch. Group" sap:creatable="false"
					sap:updatable="false"/>
				<Property Name="Lifnr" Type="Edm.String" Nullable="false" MaxLength="10" sap:unicode="false" sap:label="Vendor" sap:creatable="false"
					sap:updatable="false"/>
				<Property Name="Matnr" Type="Edm.String" Nullable="false" MaxLength="18" sap:unicode="false" sap:label="Material" sap:creatable="false"
					sap:updatable="false"/>
				<Property Name="Werks" Type="Edm.String" Nullable="false" MaxLength="4" sap:unicode="false" sap:creatable="false" sap:updatable="false"/>
				<Property Name="Anomes" Type="Edm.String" Nullable="false" MaxLength="6" sap:unicode="false" sap:label="Calendar Year/Month"
					sap:creatable="false" sap:updatable="false"/>
				<Property Name="Uf" Type="Edm.String" MaxLength="3" sap:unicode="false" sap:label="Region" sap:creatable="false" sap:updatable="false"/>
				<Property Name="Bandeira" Type="Edm.String" MaxLength="20" sap:unicode="false" sap:creatable="false" sap:updatable="false"/>
				<Property Name="Grupo" Type="Edm.String" MaxLength="10" sap:unicode="false" sap:label="Class group" sap:creatable="false"
					sap:updatable="false"/>
				<Property Name="VlrVendaS1" Type="Edm.Decimal" Precision="14" Scale="3" sap:unicode="false" sap:creatable="false" sap:updatable="false"/>
				<Property Name="QtdVendaS1" Type="Edm.Decimal" Precision="13" Scale="3" sap:unicode="false" sap:creatable="false" sap:updatable="false"/>
				<Property Name="MrgVendaS1" Type="Edm.Decimal" Precision="14" Scale="3" sap:unicode="false" sap:creatable="false" sap:updatable="false"/>
				<Property Name="QtdTransS1" Type="Edm.Decimal" Precision="13" Scale="3" sap:unicode="false" sap:creatable="false" sap:updatable="false"/>
				<Property Name="VlrVendaS2" Type="Edm.Decimal" Precision="14" Scale="3" sap:unicode="false" sap:creatable="false" sap:updatable="false"/>
				<Property Name="QtdVendaS2" Type="Edm.Decimal" Precision="13" Scale="3" sap:unicode="false" sap:creatable="false" sap:updatable="false"/>
				<Property Name="MrgVendaS2" Type="Edm.Decimal" Precision="14" Scale="3" sap:unicode="false" sap:creatable="false" sap:updatable="false"/>
				<Property Name="QtdTransS2" Type="Edm.Decimal" Precision="13" Scale="3" sap:unicode="false" sap:creatable="false" sap:updatable="false"/>
				<Property Name="VlrVendaS3" Type="Edm.Decimal" Precision="14" Scale="3" sap:unicode="false" sap:creatable="false" sap:updatable="false"/>
				<Property Name="QtdVendaS3" Type="Edm.Decimal" Precision="13" Scale="3" sap:unicode="false" sap:creatable="false" sap:updatable="false"/>
				<Property Name="MrgVendaS3" Type="Edm.Decimal" Precision="14" Scale="3" sap:unicode="false" sap:creatable="false" sap:updatable="false"/>
				<Property Name="QtdTransS3" Type="Edm.Decimal" Precision="13" Scale="3" sap:unicode="false" sap:creatable="false" sap:updatable="false"/>
				<Property Name="VlrVendaS4" Type="Edm.Decimal" Precision="14" Scale="3" sap:unicode="false" sap:creatable="false" sap:updatable="false"/>
				<Property Name="QtdVendaS4" Type="Edm.Decimal" Precision="13" Scale="3" sap:unicode="false" sap:creatable="false" sap:updatable="false"/>
				<Property Name="MrgVendaS4" Type="Edm.Decimal" Precision="14" Scale="3" sap:unicode="false" sap:creatable="false" sap:updatable="false"/>
				<Property Name="QtdTransS4" Type="Edm.Decimal" Precision="13" Scale="3" sap:unicode="false" sap:creatable="false" sap:updatable="false"/>
				<Property Name="VlrVendaS5" Type="Edm.Decimal" Precision="14" Scale="3" sap:unicode="false" sap:creatable="false" sap:updatable="false"/>
				<Property Name="QtdVendaS5" Type="Edm.Decimal" Precision="13" Scale="3" sap:unicode="false" sap:creatable="false" sap:updatable="false"/>
				<Property Name="MrgVendaS5" Type="Edm.Decimal" Precision="14" Scale="3" sap:unicode="false" sap:creatable="false" sap:updatable="false"/>
				<Property Name="QtdTransS5" Type="Edm.Decimal" Precision="13" Scale="3" sap:unicode="false" sap:creatable="false" sap:updatable="false"/>
				<Property Name="Usuario" Type="Edm.String" MaxLength="12" sap:unicode="false" sap:label="User Name" sap:creatable="false"
					sap:updatable="false"/>
				<Property Name="Dthrgrav" Type="Edm.Decimal" Precision="15" Scale="0" sap:unicode="false" sap:label="Time Stamp" sap:creatable="false"
					sap:updatable="false"/>
			</EntityType>
			<EntityType Name="POCompra" sap:content-version="1">
				<Key>
					<PropertyRef Name="Ekgrp"/>
					<PropertyRef Name="Lifnr"/>
					<PropertyRef Name="Matnr"/>
					<PropertyRef Name="Werks"/>
				</Key>
				<Property Name="Ekgrp" Type="Edm.String" Nullable="false" MaxLength="3" sap:unicode="false" sap:label="Purch. Group" sap:creatable="false"
					sap:updatable="false"/>
				<Property Name="UnidadeCp" Type="Edm.String" MaxLength="3" sap:unicode="false" sap:creatable="false" sap:updatable="false"/>
				<Property Name="UnidadeVd" Type="Edm.String" MaxLength="3" sap:unicode="false" sap:creatable="false" sap:updatable="false"/>
				<Property Name="Lifnr" Type="Edm.String" Nullable="false" MaxLength="10" sap:unicode="false" sap:label="Vendor" sap:creatable="false"
					sap:updatable="false"/>
				<Property Name="Valor" Type="Edm.Decimal" Precision="14" Scale="3" sap:unicode="false" sap:creatable="false" sap:updatable="false"/>
				<Property Name="LifnrLoja" Type="Edm.String" MaxLength="10" sap:unicode="false" sap:label="Vendor" sap:creatable="false"
					sap:updatable="false"/>
				<Property Name="Umrez" Type="Edm.Decimal" Precision="5" Scale="0" sap:unicode="false" sap:label="Numerator" sap:creatable="false"
					sap:updatable="false"/>
				<Property Name="Matnr" Type="Edm.String" Nullable="false" MaxLength="18" sap:unicode="false" sap:label="Material" sap:creatable="false"
					sap:updatable="false"/>
				<Property Name="Pmz" Type="Edm.Decimal" Precision="14" Scale="3" sap:unicode="false" sap:creatable="false" sap:updatable="false"/>
				<Property Name="MrgVar" Type="Edm.Decimal" Precision="14" Scale="3" sap:unicode="false" sap:creatable="false" sap:updatable="false"/>
				<Property Name="Werks" Type="Edm.String" Nullable="false" MaxLength="4" sap:unicode="false" sap:creatable="false" sap:updatable="false"/>
				<Property Name="MrgAta" Type="Edm.Decimal" Precision="14" Scale="3" sap:unicode="false" sap:creatable="false" sap:updatable="false"/>
				<Property Name="Uf" Type="Edm.String" MaxLength="3" sap:unicode="false" sap:label="Region" sap:creatable="false" sap:updatable="false"/>
				<Property Name="Bandeira" Type="Edm.String" MaxLength="20" sap:unicode="false" sap:creatable="false" sap:updatable="false"/>
				<Property Name="Grupo" Type="Edm.String" MaxLength="10" sap:unicode="false" sap:label="Class group" sap:creatable="false"
					sap:updatable="false"/>
				<Property Name="VlrVendaMm" Type="Edm.Decimal" Precision="14" Scale="3" sap:unicode="false" sap:creatable="false" sap:updatable="false"/>
				<Property Name="VlrVendaM1" Type="Edm.Decimal" Precision="14" Scale="3" sap:unicode="false" sap:creatable="false" sap:updatable="false"/>
				<Property Name="VlrVendaM2" Type="Edm.Decimal" Precision="14" Scale="3" sap:unicode="false" sap:creatable="false" sap:updatable="false"/>
				<Property Name="VlrVendaM3" Type="Edm.Decimal" Precision="14" Scale="3" sap:unicode="false" sap:creatable="false" sap:updatable="false"/>
				<Property Name="QtdVendaMm" Type="Edm.Decimal" Precision="13" Scale="3" sap:unicode="false" sap:creatable="false" sap:updatable="false"/>
				<Property Name="QtdVendaM1" Type="Edm.Decimal" Precision="13" Scale="3" sap:unicode="false" sap:creatable="false" sap:updatable="false"/>
				<Property Name="QtdVendaM2" Type="Edm.Decimal" Precision="13" Scale="3" sap:unicode="false" sap:creatable="false" sap:updatable="false"/>
				<Property Name="QtdVendaM3" Type="Edm.Decimal" Precision="13" Scale="3" sap:unicode="false" sap:creatable="false" sap:updatable="false"/>
				<Property Name="Dtultcp" Type="Edm.DateTime" Precision="7" sap:unicode="false" sap:creatable="false" sap:updatable="false"/>
				<Property Name="Prultcp" Type="Edm.Decimal" Precision="14" Scale="3" sap:unicode="false" sap:creatable="false" sap:updatable="false"/>
				<Property Name="Dtultvd" Type="Edm.DateTime" Precision="7" sap:unicode="false" sap:creatable="false" sap:updatable="false"/>
				<Property Name="Prultvd" Type="Edm.Decimal" Precision="14" Scale="3" sap:unicode="false" sap:creatable="false" sap:updatable="false"/>
				<Property Name="Estloja" Type="Edm.Decimal" Precision="13" Scale="3" sap:unicode="false" sap:creatable="false" sap:updatable="false"/>
				<Property Name="Estcent" Type="Edm.Decimal" Precision="13" Scale="3" sap:unicode="false" sap:creatable="false" sap:updatable="false"/>
				<Property Name="Esttrf" Type="Edm.Decimal" Precision="13" Scale="3" sap:unicode="false" sap:creatable="false" sap:updatable="false"/>
				<Property Name="Estind" Type="Edm.Decimal" Precision="13" Scale="3" sap:unicode="false" sap:creatable="false" sap:updatable="false"/>
				<Property Name="QtppendCent" Type="Edm.Decimal" Precision="13" Scale="3" sap:unicode="false" sap:creatable="false" sap:updatable="false"/>
				<Property Name="QtppendForn" Type="Edm.Decimal" Precision="13" Scale="3" sap:unicode="false" sap:creatable="false" sap:updatable="false"/>
				<Property Name="Mvdloja" Type="Edm.Decimal" Precision="13" Scale="3" sap:unicode="false" sap:creatable="false" sap:updatable="false"/>
				<Property Name="Estdia" Type="Edm.Decimal" Precision="13" Scale="3" sap:unicode="false" sap:creatable="false" sap:updatable="false"/>
				<Property Name="PrVarej" Type="Edm.Decimal" Precision="14" Scale="3" sap:unicode="false" sap:creatable="false" sap:updatable="false"/>
				<Property Name="PrAtaca" Type="Edm.Decimal" Precision="14" Scale="3" sap:unicode="false" sap:creatable="false" sap:updatable="false"/>
				<Property Name="Sugestao" Type="Edm.Decimal" Precision="11" Scale="0" sap:unicode="false" sap:creatable="false" sap:updatable="false"/>
				<Property Name="SugLastForn" Type="Edm.Decimal" Precision="11" Scale="0" sap:unicode="false" sap:creatable="false" sap:updatable="false"/>
				<Property Name="Requisicao" Type="Edm.Decimal" Precision="11" Scale="0" sap:unicode="false" sap:creatable="false" sap:updatable="false"/>
				<Property Name="Reswk" Type="Edm.String" MaxLength="4" sap:unicode="false" sap:label="Proc. Plant" sap:creatable="false"
					sap:updatable="false"/>
				<Property Name="Ebeln" Type="Edm.String" MaxLength="10" sap:unicode="false" sap:label="Purchasing Doc." sap:creatable="false"
					sap:updatable="false"/>
				<Property Name="Ebelp" Type="Edm.String" MaxLength="5" sap:unicode="false" sap:label="Item" sap:creatable="false" sap:updatable="false"/>
				<Property Name="Bloqueada" Type="Edm.String" MaxLength="1" sap:unicode="false" sap:creatable="false" sap:updatable="false"/>
			</EntityType>
			<EntityType Name="POVenda" sap:content-version="1">
				<Key>
					<PropertyRef Name="Ekgrp"/>
					<PropertyRef Name="Lifnr"/>
					<PropertyRef Name="Matnr"/>
					<PropertyRef Name="Werks"/>
				</Key>
				<Property Name="Ekgrp" Type="Edm.String" Nullable="false" MaxLength="3" sap:unicode="false" sap:label="Purch. Group" sap:creatable="false"
					sap:updatable="false"/>
				<Property Name="Lifnr" Type="Edm.String" Nullable="false" MaxLength="10" sap:unicode="false" sap:label="Vendor" sap:creatable="false"
					sap:updatable="false"/>
				<Property Name="Matnr" Type="Edm.String" Nullable="false" MaxLength="18" sap:unicode="false" sap:label="Material" sap:creatable="false"
					sap:updatable="false"/>
				<Property Name="Werks" Type="Edm.String" Nullable="false" MaxLength="4" sap:unicode="false" sap:creatable="false" sap:updatable="false"/>
				<Property Name="Uf" Type="Edm.String" MaxLength="3" sap:unicode="false" sap:label="Region" sap:creatable="false" sap:updatable="false"/>
				<Property Name="Bandeira" Type="Edm.String" MaxLength="20" sap:unicode="false" sap:creatable="false" sap:updatable="false"/>
				<Property Name="Grupo" Type="Edm.String" MaxLength="10" sap:unicode="false" sap:label="Class group" sap:creatable="false"
					sap:updatable="false"/>
				<Property Name="Cmm" Type="Edm.Decimal" Precision="14" Scale="3" sap:unicode="false" sap:creatable="false" sap:updatable="false"/>
				<Property Name="Pmz" Type="Edm.Decimal" Precision="14" Scale="3" sap:unicode="false" sap:creatable="false" sap:updatable="false"/>
				<Property Name="Mkp" Type="Edm.Decimal" Precision="6" Scale="3" sap:unicode="false" sap:creatable="false" sap:updatable="false"/>
				<Property Name="DtultcpAta" Type="Edm.DateTime" Precision="7" sap:unicode="false" sap:creatable="false" sap:updatable="false"/>
				<Property Name="PrultcpAta" Type="Edm.Decimal" Precision="14" Scale="3" sap:unicode="false" sap:creatable="false" sap:updatable="false"/>
				<Property Name="DtultvdAta" Type="Edm.DateTime" Precision="7" sap:unicode="false" sap:creatable="false" sap:updatable="false"/>
				<Property Name="PrultvdAta" Type="Edm.Decimal" Precision="14" Scale="3" sap:unicode="false" sap:creatable="false" sap:updatable="false"/>
				<Property Name="MrgAta" Type="Edm.Decimal" Precision="14" Scale="3" sap:unicode="false" sap:creatable="false" sap:updatable="false"/>
				<Property Name="DtultcpVar" Type="Edm.DateTime" Precision="7" sap:unicode="false" sap:creatable="false" sap:updatable="false"/>
				<Property Name="PrultcpVar" Type="Edm.Decimal" Precision="14" Scale="3" sap:unicode="false" sap:creatable="false" sap:updatable="false"/>
				<Property Name="DtultvdVar" Type="Edm.DateTime" Precision="7" sap:unicode="false" sap:creatable="false" sap:updatable="false"/>
				<Property Name="PrultvdVar" Type="Edm.Decimal" Precision="14" Scale="3" sap:unicode="false" sap:creatable="false" sap:updatable="false"/>
				<Property Name="MrgVar" Type="Edm.Decimal" Precision="14" Scale="3" sap:unicode="false" sap:creatable="false" sap:updatable="false"/>
				<Property Name="VlrVendaMm" Type="Edm.Decimal" Precision="14" Scale="3" sap:unicode="false" sap:creatable="false" sap:updatable="false"/>
				<Property Name="QtdVendaMm" Type="Edm.Decimal" Precision="13" Scale="3" sap:unicode="false" sap:creatable="false" sap:updatable="false"/>
				<Property Name="MrgVendaMm" Type="Edm.Decimal" Precision="14" Scale="3" sap:unicode="false" sap:creatable="false" sap:updatable="false"/>
				<Property Name="QtdTransMm" Type="Edm.Decimal" Precision="13" Scale="3" sap:unicode="false" sap:creatable="false" sap:updatable="false"/>
				<Property Name="VlrVendaM1" Type="Edm.Decimal" Precision="14" Scale="3" sap:unicode="false" sap:creatable="false" sap:updatable="false"/>
				<Property Name="QtdVendaM1" Type="Edm.Decimal" Precision="13" Scale="3" sap:unicode="false" sap:creatable="false" sap:updatable="false"/>
				<Property Name="MrgVendaM1" Type="Edm.Decimal" Precision="14" Scale="3" sap:unicode="false" sap:creatable="false" sap:updatable="false"/>
				<Property Name="QtdTransM1" Type="Edm.Decimal" Precision="13" Scale="3" sap:unicode="false" sap:creatable="false" sap:updatable="false"/>
				<Property Name="VlrVendaM2" Type="Edm.Decimal" Precision="14" Scale="3" sap:unicode="false" sap:creatable="false" sap:updatable="false"/>
				<Property Name="QtdVendaM2" Type="Edm.Decimal" Precision="13" Scale="3" sap:unicode="false" sap:creatable="false" sap:updatable="false"/>
				<Property Name="MrgVendaM2" Type="Edm.Decimal" Precision="14" Scale="3" sap:unicode="false" sap:creatable="false" sap:updatable="false"/>
				<Property Name="QtdTransM2" Type="Edm.Decimal" Precision="13" Scale="3" sap:unicode="false" sap:creatable="false" sap:updatable="false"/>
				<Property Name="VlrVendaM3" Type="Edm.Decimal" Precision="14" Scale="3" sap:unicode="false" sap:creatable="false" sap:updatable="false"/>
				<Property Name="QtdVendaM3" Type="Edm.Decimal" Precision="13" Scale="3" sap:unicode="false" sap:creatable="false" sap:updatable="false"/>
				<Property Name="MrgVendaM3" Type="Edm.Decimal" Precision="14" Scale="3" sap:unicode="false" sap:creatable="false" sap:updatable="false"/>
				<Property Name="QtdTransM3" Type="Edm.Decimal" Precision="13" Scale="3" sap:unicode="false" sap:creatable="false" sap:updatable="false"/>
				<Property Name="Bloqueio" Type="Edm.String" MaxLength="1" sap:unicode="false" sap:creatable="false" sap:updatable="false"/>
			</EntityType>
			<EntityType Name="POCria" sap:content-version="1">
				<Key>
					<PropertyRef Name="Ekgrp"/>
					<PropertyRef Name="Lifnr"/>
					<PropertyRef Name="TpPedido"/>
					<PropertyRef Name="DtRemessa"/>
				</Key>
				<Property Name="Ekgrp" Type="Edm.String" Nullable="false" MaxLength="3" sap:unicode="false" sap:creatable="false" sap:updatable="false"/>
				<Property Name="Lifnr" Type="Edm.String" Nullable="false" MaxLength="10" sap:unicode="false" sap:creatable="false" sap:updatable="false"/>
				<Property Name="Nroseq" Type="Edm.Decimal" Precision="11" Scale="0" sap:unicode="false" sap:creatable="false" sap:updatable="false"/>
				<Property Name="Mensagem" Type="Edm.String" sap:unicode="false" sap:creatable="false" sap:updatable="false"/>
				<Property Name="TpPedido" Type="Edm.String" Nullable="false" MaxLength="4" sap:unicode="false" sap:creatable="false" sap:updatable="false"/>
				<Property Name="DtRemessa" Type="Edm.String" Nullable="false" MaxLength="8" sap:unicode="false" sap:creatable="false" sap:updatable="false"/>
			</EntityType>
			<EntityType Name="PrnPedido" m:HasStream="true" sap:content-version="1">
				<Key>
					<PropertyRef Name="Ebeln"/>
				</Key>
				<Property Name="Ebeln" Type="Edm.String" Nullable="false" sap:unicode="false" sap:creatable="false" sap:updatable="false"/>
				<Property Name="MimeType" Type="Edm.String" sap:unicode="false" sap:creatable="false" sap:updatable="false"/>
				<Property Name="MediaSource" Type="Edm.Binary" sap:unicode="false" sap:creatable="false" sap:updatable="false"/>
				<Property Name="Url" Type="Edm.String" sap:unicode="false" sap:creatable="false" sap:updatable="false"/>
			</EntityType>
			<EntityType Name="FornecHistorico" sap:content-version="1">
				<Key>
					<PropertyRef Name="Ekgrp"/>
					<PropertyRef Name="Lifnr"/>
				</Key>
				<Property Name="Ekgrp" Type="Edm.String" Nullable="false" MaxLength="3" sap:unicode="false" sap:label="Purch. Group" sap:creatable="false"
					sap:updatable="false"/>
				<Property Name="Lifnr" Type="Edm.String" Nullable="false" MaxLength="10" sap:unicode="false" sap:label="Vendor" sap:creatable="false"
					sap:updatable="false"/>
				<Property Name="Mcod1" Type="Edm.String" MaxLength="25" sap:unicode="false" sap:label="Name" sap:creatable="false" sap:updatable="false"/>
				<Property Name="Telf1" Type="Edm.String" MaxLength="16" sap:unicode="false" sap:label="Telephone 1" sap:creatable="false"
					sap:updatable="false"/>
				<Property Name="Telf2" Type="Edm.String" MaxLength="16" sap:unicode="false" sap:label="Telephone 2" sap:creatable="false"
					sap:updatable="false"/>
				<Property Name="Telfx" Type="Edm.String" MaxLength="31" sap:unicode="false" sap:label="Fax Number" sap:creatable="false"
					sap:updatable="false"/>
				<Property Name="Stcd1" Type="Edm.String" MaxLength="16" sap:unicode="false" sap:label="Tax Number 1" sap:creatable="false"
					sap:updatable="false"/>
				<Property Name="Ort01" Type="Edm.String" MaxLength="35" sap:unicode="false" sap:label="City" sap:creatable="false" sap:updatable="false"/>
				<Property Name="Regio" Type="Edm.String" MaxLength="3" sap:unicode="false" sap:label="Region" sap:creatable="false" sap:updatable="false"/>
				<Property Name="Dtultcp" Type="Edm.DateTime" Precision="7" sap:unicode="false" sap:creatable="false" sap:updatable="false"/>
			</EntityType>
			<EntityType Name="TipoPedido" sap:content-version="1">
				<Key>
					<PropertyRef Name="Bsart"/>
				</Key>
				<Property Name="Bsart" Type="Edm.String" Nullable="false" MaxLength="4" sap:unicode="false" sap:label="Document Type" sap:creatable="false"
					sap:updatable="false"/>
				<Property Name="Batxt" Type="Edm.String" MaxLength="20" sap:unicode="false" sap:label="Description" sap:creatable="false"
					sap:updatable="false"/>
			</EntityType>
			<EntityType Name="GrupoLojas" sap:content-version="1">
				<Key>
					<PropertyRef Name="Bandeira"/>
				</Key>
				<Property Name="Clint" Type="Edm.String" MaxLength="10" sap:unicode="false" sap:creatable="false" sap:updatable="false"/>
				<Property Name="Bandeira" Type="Edm.String" Nullable="false" MaxLength="2" sap:unicode="false" sap:creatable="false" sap:updatable="false"/>
				<Property Name="Descricao" Type="Edm.String" MaxLength="18" sap:unicode="false" sap:creatable="false" sap:updatable="false"/>
				<Property Name="UF" Type="Edm.String" MaxLength="3" sap:unicode="false" sap:creatable="false" sap:updatable="false"/>
			</EntityType>
			<EntityType Name="LojasHistorico" sap:content-version="1">
				<Key>
					<PropertyRef Name="Ekgrp"/>
					<PropertyRef Name="Werks"/>
				</Key>
				<Property Name="Ekgrp" Type="Edm.String" Nullable="false" MaxLength="3" sap:unicode="false" sap:label="" sap:creatable="false"
					sap:updatable="false"/>
				<Property Name="Werks" Type="Edm.String" Nullable="false" MaxLength="4" sap:unicode="false" sap:label="Plant" sap:creatable="false"
					sap:updatable="false"/>
				<Property Name="Nome" Type="Edm.String" MaxLength="30" sap:unicode="false" sap:label="Name 2" sap:creatable="false" sap:updatable="false"/>
				<Property Name="Bandeira" Type="Edm.String" MaxLength="18" sap:unicode="false" sap:label="Class" sap:creatable="false" sap:updatable="false"/>
				<Property Name="Uf" Type="Edm.String" MaxLength="3" sap:unicode="false" sap:label="Region" sap:creatable="false" sap:updatable="false"/>
			</EntityType>
			<EntityType Name="Produto" sap:content-version="1">
				<Key>
					<PropertyRef Name="Matnr"/>
				</Key>
				<Property Name="Ekgrp" Type="Edm.String" MaxLength="3" sap:unicode="false" sap:label="Purch. Group" sap:creatable="false"
					sap:updatable="false"/>
				<Property Name="UF" Type="Edm.String" MaxLength="3" sap:unicode="false" sap:label="Region" sap:creatable="false" sap:updatable="false"/>
				<Property Name="Bandeira" Type="Edm.String" MaxLength="20" sap:unicode="false" sap:creatable="false" sap:updatable="false"/>
				<Property Name="Werks" Type="Edm.String" MaxLength="4" sap:unicode="false" sap:label="Plant" sap:creatable="false" sap:updatable="false"/>
				<Property Name="Lifnr" Type="Edm.String" MaxLength="10" sap:unicode="false" sap:label="Vendor" sap:creatable="false" sap:updatable="false"/>
				<Property Name="Ebeln" Type="Edm.String" MaxLength="10" sap:unicode="false" sap:label="Purchasing Doc." sap:creatable="false"
					sap:updatable="false"/>
				<Property Name="Matnr" Type="Edm.String" Nullable="false" MaxLength="18" sap:unicode="false" sap:label="Material" sap:creatable="false"
					sap:updatable="false"/>
				<Property Name="Maktx" Type="Edm.String" MaxLength="40" sap:unicode="false" sap:label="Description" sap:creatable="false"
					sap:updatable="false"/>
			</EntityType>
			<EntityType Name="POLojasSum" sap:content-version="1">
				<Key>
					<PropertyRef Name="Ekgrp"/>
					<PropertyRef Name="Lifnr"/>
					<PropertyRef Name="Werks"/>
				</Key>
				<Property Name="Ekgrp" Type="Edm.String" Nullable="false" MaxLength="3" sap:unicode="false" sap:creatable="false" sap:updatable="false"/>
				<Property Name="Lifnr" Type="Edm.String" Nullable="false" MaxLength="10" sap:unicode="false" sap:creatable="false" sap:updatable="false"/>
				<Property Name="Werks" Type="Edm.String" Nullable="false" MaxLength="4" sap:unicode="false" sap:creatable="false" sap:updatable="false"/>
				<Property Name="Total" Type="Edm.Decimal" Precision="13" Scale="2" sap:unicode="false" sap:creatable="false" sap:updatable="false"/>
			</EntityType>
			<Association Name="FornecedorPOReset" sap:content-version="1">
				<End Type="ZCOCKPIT_COMERCIAL_SRV.Fornecedor" Multiplicity="1" Role="FromRole_FornecedorPOReset"/>
				<End Type="ZCOCKPIT_COMERCIAL_SRV.POReset" Multiplicity="1" Role="ToRole_FornecedorPOReset"/>
				<ReferentialConstraint>
					<Principal Role="FromRole_FornecedorPOReset">
						<PropertyRef Name="Lifnr"/>
						<PropertyRef Name="Ekgrp"/>
					</Principal>
					<Dependent Role="ToRole_FornecedorPOReset">
						<PropertyRef Name="Lifnr"/>
						<PropertyRef Name="Ekgrp"/>
					</Dependent>
				</ReferentialConstraint>
			</Association>
			<Association Name="FornecedorPOSum" sap:content-version="1">
				<End Type="ZCOCKPIT_COMERCIAL_SRV.Fornecedor" Multiplicity="1" Role="FromRole_FornecedorPOSum"/>
				<End Type="ZCOCKPIT_COMERCIAL_SRV.POSum" Multiplicity="*" Role="ToRole_FornecedorPOSum"/>
				<ReferentialConstraint>
					<Principal Role="FromRole_FornecedorPOSum">
						<PropertyRef Name="Lifnr"/>
						<PropertyRef Name="Ekgrp"/>
					</Principal>
					<Dependent Role="ToRole_FornecedorPOSum">
						<PropertyRef Name="Lifnr"/>
						<PropertyRef Name="Ekgrp"/>
					</Dependent>
				</ReferentialConstraint>
			</Association>
			<Association Name="FornecedorPO" sap:content-version="1">
				<End Type="ZCOCKPIT_COMERCIAL_SRV.Fornecedor" Multiplicity="1" Role="FromRole_FornecedorPO"/>
				<End Type="ZCOCKPIT_COMERCIAL_SRV.PO" Multiplicity="*" Role="ToRole_FornecedorPO"/>
				<ReferentialConstraint>
					<Principal Role="FromRole_FornecedorPO">
						<PropertyRef Name="Ekgrp"/>
						<PropertyRef Name="Lifnr"/>
					</Principal>
					<Dependent Role="ToRole_FornecedorPO">
						<PropertyRef Name="Ekgrp"/>
						<PropertyRef Name="Lifnr"/>
					</Dependent>
				</ReferentialConstraint>
			</Association>
			<Association Name="FornecedorProduto" sap:content-version="1">
				<End Type="ZCOCKPIT_COMERCIAL_SRV.Fornecedor" Multiplicity="1" Role="FromRole_FornecedorProduto"/>
				<End Type="ZCOCKPIT_COMERCIAL_SRV.Produto" Multiplicity="*" Role="ToRole_FornecedorProduto"/>
				<ReferentialConstraint>
					<Principal Role="FromRole_FornecedorProduto">
						<PropertyRef Name="Lifnr"/>
						<PropertyRef Name="Ekgrp"/>
					</Principal>
					<Dependent Role="ToRole_FornecedorProduto">
						<PropertyRef Name="Lifnr"/>
						<PropertyRef Name="Ekgrp"/>
					</Dependent>
				</ReferentialConstraint>
			</Association>
			<Association Name="FornecedorPOCria" sap:content-version="1">
				<End Type="ZCOCKPIT_COMERCIAL_SRV.Fornecedor" Multiplicity="1" Role="FromRole_FornecedorPOCria"/>
				<End Type="ZCOCKPIT_COMERCIAL_SRV.POCria" Multiplicity="*" Role="ToRole_FornecedorPOCria"/>
				<ReferentialConstraint>
					<Principal Role="FromRole_FornecedorPOCria">
						<PropertyRef Name="Ekgrp"/>
						<PropertyRef Name="Lifnr"/>
					</Principal>
					<Dependent Role="ToRole_FornecedorPOCria">
						<PropertyRef Name="Ekgrp"/>
						<PropertyRef Name="Lifnr"/>
					</Dependent>
				</ReferentialConstraint>
			</Association>
			<Association Name="POPOVenda" sap:content-version="1">
				<End Type="ZCOCKPIT_COMERCIAL_SRV.PO" Multiplicity="1" Role="FromRole_POPOVenda"/>
				<End Type="ZCOCKPIT_COMERCIAL_SRV.POVenda" Multiplicity="*" Role="ToRole_POPOVenda"/>
				<ReferentialConstraint>
					<Principal Role="FromRole_POPOVenda">
						<PropertyRef Name="Ekgrp"/>
						<PropertyRef Name="Lifnr"/>
						<PropertyRef Name="Matnr"/>
					</Principal>
					<Dependent Role="ToRole_POPOVenda">
						<PropertyRef Name="Ekgrp"/>
						<PropertyRef Name="Lifnr"/>
						<PropertyRef Name="Matnr"/>
					</Dependent>
				</ReferentialConstraint>
			</Association>
			<Association Name="POPOCompra" sap:content-version="1">
				<End Type="ZCOCKPIT_COMERCIAL_SRV.PO" Multiplicity="1" Role="FromRole_POPOCompra"/>
				<End Type="ZCOCKPIT_COMERCIAL_SRV.POCompra" Multiplicity="*" Role="ToRole_POPOCompra"/>
				<ReferentialConstraint>
					<Principal Role="FromRole_POPOCompra">
						<PropertyRef Name="Lifnr"/>
						<PropertyRef Name="Matnr"/>
						<PropertyRef Name="Ekgrp"/>
					</Principal>
					<Dependent Role="ToRole_POPOCompra">
						<PropertyRef Name="Lifnr"/>
						<PropertyRef Name="Matnr"/>
						<PropertyRef Name="Ekgrp"/>
					</Dependent>
				</ReferentialConstraint>
			</Association>
			<Association Name="POPOHistorico" sap:content-version="1">
				<End Type="ZCOCKPIT_COMERCIAL_SRV.PO" Multiplicity="1" Role="FromRole_POPOHistorico"/>
				<End Type="ZCOCKPIT_COMERCIAL_SRV.POHistorico" Multiplicity="*" Role="ToRole_POPOHistorico"/>
				<ReferentialConstraint>
					<Principal Role="FromRole_POPOHistorico">
						<PropertyRef Name="Matnr"/>
						<PropertyRef Name="Lifnr"/>
						<PropertyRef Name="Ekgrp"/>
					</Principal>
					<Dependent Role="ToRole_POPOHistorico">
						<PropertyRef Name="Matnr"/>
						<PropertyRef Name="Lifnr"/>
						<PropertyRef Name="Ekgrp"/>
					</Dependent>
				</ReferentialConstraint>
			</Association>
			<Association Name="POPOFaceamento" sap:content-version="1">
				<End Type="ZCOCKPIT_COMERCIAL_SRV.PO" Multiplicity="1" Role="FromRole_POPOFaceamento"/>
				<End Type="ZCOCKPIT_COMERCIAL_SRV.POFaceamento" Multiplicity="*" Role="ToRole_POPOFaceamento"/>
				<ReferentialConstraint>
					<Principal Role="FromRole_POPOFaceamento">
						<PropertyRef Name="Matnr"/>
						<PropertyRef Name="Lifnr"/>
						<PropertyRef Name="Ekgrp"/>
					</Principal>
					<Dependent Role="ToRole_POPOFaceamento">
						<PropertyRef Name="Matnr"/>
						<PropertyRef Name="Lifnr"/>
						<PropertyRef Name="Ekgrp"/>
					</Dependent>
				</ReferentialConstraint>
			</Association>
			<EntityContainer Name="ZCOCKPIT_COMERCIAL_SRV_Entities" m:IsDefaultEntityContainer="true" sap:supported-formats="atom json xlsx">
				<EntitySet Name="PrnMaterial" EntityType="ZCOCKPIT_COMERCIAL_SRV.PrnMaterial" sap:creatable="false" sap:updatable="false"
					sap:deletable="false" sap:pageable="false" sap:addressable="false" sap:content-version="1"/>
				<EntitySet Name="POBusca" EntityType="ZCOCKPIT_COMERCIAL_SRV.POBusca" sap:creatable="false" sap:updatable="false" sap:deletable="false"
					sap:pageable="false" sap:content-version="1"/>
				<EntitySet Name="Fornecedor" EntityType="ZCOCKPIT_COMERCIAL_SRV.Fornecedor" sap:creatable="false" sap:updatable="false"
					sap:deletable="false" sap:pageable="false" sap:content-version="1"/>
				<EntitySet Name="PedCriado" EntityType="ZCOCKPIT_COMERCIAL_SRV.PedCriado" sap:creatable="false" sap:updatable="false" sap:deletable="false"
					sap:pageable="false" sap:addressable="false" sap:content-version="1"/>
				<EntitySet Name="PrnMateriaisLojas" EntityType="ZCOCKPIT_COMERCIAL_SRV.PrnMateriaisLojas" sap:creatable="false" sap:updatable="false"
					sap:deletable="false" sap:pageable="false" sap:addressable="false" sap:content-version="1"/>
				<EntitySet Name="PrnLojas" EntityType="ZCOCKPIT_COMERCIAL_SRV.PrnLojas" sap:creatable="false" sap:updatable="false" sap:deletable="false"
					sap:pageable="false" sap:addressable="false" sap:content-version="1"/>
				<EntitySet Name="CD" EntityType="ZCOCKPIT_COMERCIAL_SRV.CD" sap:creatable="false" sap:updatable="false" sap:deletable="false"
					sap:pageable="false" sap:content-version="1"/>
				<EntitySet Name="POSum" EntityType="ZCOCKPIT_COMERCIAL_SRV.POSum" sap:creatable="false" sap:updatable="false" sap:deletable="false"
					sap:pageable="false" sap:content-version="1"/>
				<EntitySet Name="PO" EntityType="ZCOCKPIT_COMERCIAL_SRV.PO" sap:creatable="false" sap:updatable="false" sap:deletable="false"
					sap:searchable="true" sap:content-version="1"/>
				<EntitySet Name="POFaceamento" EntityType="ZCOCKPIT_COMERCIAL_SRV.POFaceamento" sap:creatable="false" sap:updatable="false"
					sap:deletable="false" sap:searchable="true" sap:content-version="1"/>
				<EntitySet Name="Emitidos" EntityType="ZCOCKPIT_COMERCIAL_SRV.Emitidos" sap:creatable="false" sap:updatable="false" sap:deletable="false"
					sap:pageable="false" sap:content-version="1"/>
				<EntitySet Name="POReset" EntityType="ZCOCKPIT_COMERCIAL_SRV.POReset" sap:creatable="false" sap:updatable="false" sap:deletable="false"
					sap:pageable="false" sap:content-version="1"/>
				<EntitySet Name="Contrato" EntityType="ZCOCKPIT_COMERCIAL_SRV.Contrato" sap:creatable="false" sap:updatable="false" sap:deletable="false"
					sap:pageable="false" sap:content-version="1"/>
				<EntitySet Name="Comprador" EntityType="ZCOCKPIT_COMERCIAL_SRV.Comprador" sap:creatable="false" sap:updatable="false" sap:deletable="false"
					sap:pageable="false" sap:content-version="1"/>
				<EntitySet Name="Usuario" EntityType="ZCOCKPIT_COMERCIAL_SRV.Usuario" sap:creatable="false" sap:updatable="false" sap:deletable="false"
					sap:pageable="false" sap:content-version="1"/>
				<EntitySet Name="POItemsSum" EntityType="ZCOCKPIT_COMERCIAL_SRV.POItemsSum" sap:creatable="false" sap:updatable="false"
					sap:deletable="false" sap:pageable="false" sap:content-version="1"/>
				<EntitySet Name="UF" EntityType="ZCOCKPIT_COMERCIAL_SRV.UF" sap:creatable="false" sap:updatable="false" sap:deletable="false"
					sap:pageable="false" sap:content-version="1"/>
				<EntitySet Name="AgendaItem" EntityType="ZCOCKPIT_COMERCIAL_SRV.AgendaItem" sap:creatable="false" sap:updatable="false"
					sap:deletable="false" sap:pageable="false" sap:content-version="1"/>
				<EntitySet Name="POHistorico" EntityType="ZCOCKPIT_COMERCIAL_SRV.POHistorico" sap:creatable="false" sap:updatable="false"
					sap:deletable="false" sap:pageable="false" sap:content-version="1"/>
				<EntitySet Name="POCompra" EntityType="ZCOCKPIT_COMERCIAL_SRV.POCompra" sap:creatable="false" sap:updatable="false" sap:deletable="false"
					sap:pageable="false" sap:addressable="false" sap:content-version="1"/>
				<EntitySet Name="POVenda" EntityType="ZCOCKPIT_COMERCIAL_SRV.POVenda" sap:creatable="false" sap:updatable="false" sap:deletable="false"
					sap:searchable="true" sap:content-version="1"/>
				<EntitySet Name="POCria" EntityType="ZCOCKPIT_COMERCIAL_SRV.POCria" sap:creatable="false" sap:updatable="false" sap:deletable="false"
					sap:pageable="false" sap:content-version="1"/>
				<EntitySet Name="PrnPedido" EntityType="ZCOCKPIT_COMERCIAL_SRV.PrnPedido" sap:creatable="false" sap:updatable="false" sap:deletable="false"
					sap:pageable="false" sap:addressable="false" sap:content-version="1"/>
				<EntitySet Name="FornecHistorico" EntityType="ZCOCKPIT_COMERCIAL_SRV.FornecHistorico" sap:creatable="false" sap:updatable="false"
					sap:deletable="false" sap:pageable="false" sap:content-version="1"/>
				<EntitySet Name="TipoPedido" EntityType="ZCOCKPIT_COMERCIAL_SRV.TipoPedido" sap:creatable="false" sap:updatable="false"
					sap:deletable="false" sap:pageable="false" sap:content-version="1"/>
				<EntitySet Name="GrupoLojas" EntityType="ZCOCKPIT_COMERCIAL_SRV.GrupoLojas" sap:creatable="false" sap:updatable="false"
					sap:deletable="false" sap:pageable="false" sap:content-version="1"/>
				<EntitySet Name="LojasHistorico" EntityType="ZCOCKPIT_COMERCIAL_SRV.LojasHistorico" sap:creatable="false" sap:updatable="false"
					sap:deletable="false" sap:pageable="false" sap:addressable="false" sap:content-version="1"/>
				<EntitySet Name="Produto" EntityType="ZCOCKPIT_COMERCIAL_SRV.Produto" sap:creatable="false" sap:updatable="false" sap:deletable="false"
					sap:pageable="false" sap:content-version="1"/>
				<EntitySet Name="POLojasSum" EntityType="ZCOCKPIT_COMERCIAL_SRV.POLojasSum" sap:creatable="false" sap:updatable="false"
					sap:deletable="false" sap:pageable="false" sap:content-version="1"/>
				<AssociationSet Name="FornecedorPOCriaSet" Association="ZCOCKPIT_COMERCIAL_SRV.FornecedorPOCria" sap:creatable="false" sap:updatable="false"
					sap:deletable="false" sap:content-version="1">
					<End EntitySet="Fornecedor" Role="FromRole_FornecedorPOCria"/>
					<End EntitySet="POCria" Role="ToRole_FornecedorPOCria"/>
				</AssociationSet>
				<AssociationSet Name="FornecedorPOSet" Association="ZCOCKPIT_COMERCIAL_SRV.FornecedorPO" sap:creatable="false" sap:updatable="false"
					sap:deletable="false" sap:content-version="1">
					<End EntitySet="Fornecedor" Role="FromRole_FornecedorPO"/>
					<End EntitySet="PO" Role="ToRole_FornecedorPO"/>
				</AssociationSet>
				<AssociationSet Name="FornecedorPOReset_AssocSet" Association="ZCOCKPIT_COMERCIAL_SRV.FornecedorPOReset" sap:creatable="false"
					sap:updatable="false" sap:deletable="false" sap:content-version="1">
					<End EntitySet="Fornecedor" Role="FromRole_FornecedorPOReset"/>
					<End EntitySet="POReset" Role="ToRole_FornecedorPOReset"/>
				</AssociationSet>
				<AssociationSet Name="POPOHistoricoSet" Association="ZCOCKPIT_COMERCIAL_SRV.POPOHistorico" sap:creatable="false" sap:updatable="false"
					sap:deletable="false" sap:content-version="1">
					<End EntitySet="PO" Role="FromRole_POPOHistorico"/>
					<End EntitySet="POHistorico" Role="ToRole_POPOHistorico"/>
				</AssociationSet>
				<AssociationSet Name="POPOVendaSet" Association="ZCOCKPIT_COMERCIAL_SRV.POPOVenda" sap:creatable="false" sap:updatable="false"
					sap:deletable="false" sap:content-version="1">
					<End EntitySet="PO" Role="FromRole_POPOVenda"/>
					<End EntitySet="POVenda" Role="ToRole_POPOVenda"/>
				</AssociationSet>
				<AssociationSet Name="FornecedorProdutoSet" Association="ZCOCKPIT_COMERCIAL_SRV.FornecedorProduto" sap:creatable="false"
					sap:updatable="false" sap:deletable="false" sap:content-version="1">
					<End EntitySet="Fornecedor" Role="FromRole_FornecedorProduto"/>
					<End EntitySet="Produto" Role="ToRole_FornecedorProduto"/>
				</AssociationSet>
				<AssociationSet Name="POPOCompraSet" Association="ZCOCKPIT_COMERCIAL_SRV.POPOCompra" sap:creatable="false" sap:updatable="false"
					sap:deletable="false" sap:content-version="1">
					<End EntitySet="PO" Role="FromRole_POPOCompra"/>
					<End EntitySet="POCompra" Role="ToRole_POPOCompra"/>
				</AssociationSet>
				<AssociationSet Name="FornecedorPOSumSet" Association="ZCOCKPIT_COMERCIAL_SRV.FornecedorPOSum" sap:creatable="false" sap:updatable="false"
					sap:deletable="false" sap:content-version="1">
					<End EntitySet="Fornecedor" Role="FromRole_FornecedorPOSum"/>
					<End EntitySet="POSum" Role="ToRole_FornecedorPOSum"/>
				</AssociationSet>
				<AssociationSet Name="POPOFaceamento_AssocSet" Association="ZCOCKPIT_COMERCIAL_SRV.POPOFaceamento" sap:creatable="false"
					sap:updatable="false" sap:deletable="false" sap:content-version="1">
					<End EntitySet="PO" Role="FromRole_POPOFaceamento"/>
					<End EntitySet="POFaceamento" Role="ToRole_POPOFaceamento"/>
				</AssociationSet>
			</EntityContainer>
			<atom:link xmlns:atom="http://www.w3.org/2005/Atom" rel="self"
				href="http://devsapecc02.grupodma.intra:8000/sap/opu/odata/sap/ZCOCKPIT_COMERCIAL_SRV/$metadata"/>
			<atom:link xmlns:atom="http://www.w3.org/2005/Atom" rel="latest-version"
				href="http://devsapecc02.grupodma.intra:8000/sap/opu/odata/sap/ZCOCKPIT_COMERCIAL_SRV/$metadata"/>
		</Schema>
	</edmx:DataServices>
</edmx:Edmx>