{
    "resources": [
        {
            "name": "Component.js"
        },
        {
            "name": "controller/Calendar.controller.js"
        },
        {
            "name": "model/models.js"
        },
        {
            "name": "model/jspdf.min.js"
        },
        {
            "name": "model/grouper.js"
        },
        {
            "name": "model/formatter.js"
        },
        {
            "name": "model/GroupSortState.js"
        },
        {
            "name": "controller/PedidoPrint.controller.js"
        },
        {
            "name": "controller/Pedido.controller.js"
        },
        {
            "name": "controller/Master.controller.js"
        },
        {
            "name": "controller/ListSelector.js"
        },
        {
            "name": "controller/Home.controller.js"
        },
        {
            "name": "controller/Historico.controller.js"
        },
        {
            "name": "controller/Fornecedor.controller.js"
        },
        {
            "name": "controller/ErrorHandler.js"
        },
        {
            "name": "controller/Detail2.controller.js"
        },
        {
            "name": "controller/Detail.controller.js"
        },
        {
            "name": "controller/Commod_Busca.controller.js"
        },
        {
            "name": "manifest.json"
        },
        {
            "name": "controller/Busca.controller.js"
        },
        {
            "name": "controller/BaseController.js"
        },
        {
            "name": "i18n/i18n.properties",
            "raw": "i18n/i18n.properties"
        },
        {
            "name": "manifest-bundle.zip"
        },
        {
            "name": "Component-preload.js",
            "merged": true
        },
        {
            "name": "model/models-dbg.js",
            "isDebug": true
        },
        {
            "name": "model/jspdf.min-dbg.js",
            "isDebug": true
        },
        {
            "name": "model/grouper-dbg.js",
            "isDebug": true
        },
        {
            "name": "model/formatter-dbg.js",
            "isDebug": true
        },
        {
            "name": "model/GroupSortState-dbg.js",
            "isDebug": true
        },
        {
            "name": "controller/PedidoPrint-dbg.controller.js",
            "isDebug": true
        },
        {
            "name": "controller/Pedido-dbg.controller.js",
            "isDebug": true
        },
        {
            "name": "controller/Master-dbg.controller.js",
            "isDebug": true
        },
        {
            "name": "controller/ListSelector-dbg.js",
            "isDebug": true
        },
        {
            "name": "controller/Home-dbg.controller.js",
            "isDebug": true
        },
        {
            "name": "controller/Historico-dbg.controller.js",
            "isDebug": true
        },
        {
            "name": "controller/Fornecedor-dbg.controller.js",
            "isDebug": true
        },
        {
            "name": "controller/ErrorHandler-dbg.js",
            "isDebug": true
        },
        {
            "name": "controller/Detail2-dbg.controller.js",
            "isDebug": true
        },
        {
            "name": "controller/Detail-dbg.controller.js",
            "isDebug": true
        },
        {
            "name": "controller/Commod_Busca-dbg.controller.js",
            "isDebug": true
        },
        {
            "name": "controller/Calendar-dbg.controller.js",
            "isDebug": true
        },
        {
            "name": "controller/Busca-dbg.controller.js",
            "isDebug": true
        },
        {
            "name": "controller/BaseController-dbg.js",
            "isDebug": true
        },
        {
            "name": "Component-dbg.js",
            "isDebug": true
        },
        {
            "name": "../../sap-ui-version.json"
        },
        {
            "name": "view/fragment/uf.fragment.xml"
        },
        {
            "name": "view/fragment/popoverEmail.fragment.xml"
        },
        {
            "name": "view/fragment/ped_criado.fragment.xml"
        },
        {
            "name": "view/fragment/lojasSum.fragment.xml"
        },
        {
            "name": "view/fragment/lojas.fragment.xml"
        },
        {
            "name": "view/fragment/lojaHistorico.fragment.xml"
        },
        {
            "name": "view/fragment/grupoLojas.fragment.xml"
        },
        {
            "name": "view/fragment/fornecedorEspecifico.fragment.xml"
        },
        {
            "name": "view/fragment/fornecedor.fragment.xml"
        },
        {
            "name": "view/fragment/fornecHistorico.fragment.xml"
        },
        {
            "name": "view/fragment/contrato.fragment.xml"
        },
        {
            "name": "view/fragment/comprador.fragment.xml"
        },
        {
            "name": "view/fragment/calendar_details.fragment.xml"
        },
        {
            "name": "view/fragment/calendar_create.fragment.xml"
        },
        {
            "name": "view/fragment/FilterColumn.fragment.xml"
        },
        {
            "name": "view/ViewSettingsDialog.fragment.xml"
        },
        {
            "name": "view/PedidoPrint.view.xml"
        },
        {
            "name": "view/Pedido1.view.xml"
        },
        {
            "name": "view/Pedido.view.xml"
        },
        {
            "name": "view/NotFound.view.xml"
        },
        {
            "name": "view/Master.view.xml"
        },
        {
            "name": "view/Home.view.xml"
        },
        {
            "name": "view/Historico.view.xml"
        },
        {
            "name": "view/Fornecedor.view.xml"
        },
        {
            "name": "view/DetailsAppointment.fragment.xml"
        },
        {
            "name": "view/DetailObjectNotFound.view.xml"
        },
        {
            "name": "view/DetailNoObjectsAvailable.view.xml"
        },
        {
            "name": "view/Detail2.view.xml"
        },
        {
            "name": "view/Detail.view.xml"
        },
        {
            "name": "view/Commod_Busca.view.xml"
        },
        {
            "name": "view/Calendar.view.xml"
        },
        {
            "name": "view/Busca.view.xml"
        },
        {
            "name": "localService/metadata.xml"
        },
        {
            "name": "img/background_cockpit.png"
        },
        {
            "name": "css/style.css"
        },
        {
            "name": "index.html"
        }
    ]
}