{
  "test/unit/allTests-dbg.js": 1605192307814,
  "model/formatter.js": 1605192065195,
  "test/unit/controller/View1.controller.js": 1605192307038,
  "test/integration/pages/View1.js": 1605192306962,
  "test/integration/pages/Common.js": 1605192306950,
  "test/unit/allTests.js": 1605192307814,
  "test/integration/navigationJourney.js": 1605192306922,
  "test/integration/AllJourneys.js": 1605192307730,
  "model/models.js": 1605192065195,
  "model/jspdf.min.js": 1605192065195,
  "model/grouper.js": 1605192065195,
  "manifest.json": 1605193909189,
  "model/GroupSortState.js": 1605192306814,
  "controller/PedidoPrint.controller.js": 1605192306762,
  "controller/Pedido.controller.js": 1605192306742,
  "controller/Master.controller.js": 1605192306714,
  "controller/ListSelector.js": 1605192306698,
  "controller/Home.controller.js": 1605192306682,
  "controller/Historico.controller.js": 1605192306670,
  "controller/Fornecedor.controller.js": 1605192306638,
  "controller/ErrorHandler.js": 1605192306578,
  "controller/Detail2.controller.js": 1605192306558,
  "controller/Detail.controller.js": 1605192306526,
  "controller/Commod_Busca.controller.js": 1605192306490,
  "controller/Calendar.controller.js": 1605192306454,
  "controller/Busca.controller.js": 1605192306430,
  "controller/BaseController.js": 1605192306378,
  "Component.js": 1605192306346,
  "manifest-bundle.zip": 1605193906399,
  "Component-preload.js": 1605193908250,
  "test/integration/navigationJourney-dbg.js": 1605192306922,
  "test/integration/pages/View1-dbg.js": 1605192306962,
  "test/integration/pages/Common-dbg.js": 1605192306950,
  "i18n/i18n.properties": 1605192741470,
  "test/unit/controller/View1-dbg.controller.js": 1605192307038,
  "test/integration/AllJourneys-dbg.js": 1605192307730,
  "model/models-dbg.js": 1605192065195,
  "model/jspdf.min-dbg.js": 1605192065195,
  "model/grouper-dbg.js": 1605192065195,
  "model/formatter-dbg.js": 1605192065195,
  "model/GroupSortState-dbg.js": 1605192306814,
  "controller/PedidoPrint-dbg.controller.js": 1605192306762,
  "controller/Pedido-dbg.controller.js": 1605192306742,
  "controller/Master-dbg.controller.js": 1605192306714,
  "controller/ListSelector-dbg.js": 1605192306698,
  "controller/Home-dbg.controller.js": 1605192306682,
  "controller/Historico-dbg.controller.js": 1605192306670,
  "controller/Fornecedor-dbg.controller.js": 1605192306638,
  "controller/ErrorHandler-dbg.js": 1605192306578,
  "controller/Detail2-dbg.controller.js": 1605192306558,
  "controller/Detail-dbg.controller.js": 1605192306526,
  "controller/Commod_Busca-dbg.controller.js": 1605192306490,
  "controller/Calendar-dbg.controller.js": 1605192306454,
  "controller/Busca-dbg.controller.js": 1605192306430,
  "controller/BaseController-dbg.js": 1605192306378,
  "Component-dbg.js": 1605192306346,
  "resources.json": 1605193909199,
  "view/fragment/uf.fragment.xml": 1605192065199,
  "view/fragment/popoverEmail.fragment.xml": 1605192065199,
  "view/fragment/ped_criado.fragment.xml": 1605192065199,
  "view/fragment/lojasSum.fragment.xml": 1605192065199,
  "view/fragment/lojas.fragment.xml": 1605192065199,
  "view/fragment/lojaHistorico.fragment.xml": 1605192065199,
  "view/fragment/grupoLojas.fragment.xml": 1605192065199,
  "view/fragment/fornecedor.fragment.xml": 1605192065199,
  "view/fragment/fornecHistorico.fragment.xml": 1605192065199,
  "view/fragment/contrato.fragment.xml": 1605192065199,
  "view/fragment/comprador.fragment.xml": 1605192065199,
  "view/fragment/calendar_details.fragment.xml": 1605192065199,
  "view/fragment/calendar_create.fragment.xml": 1605192065199,
  "view/fragment/FilterColumn.fragment.xml": 1605192065199,
  "test/unit/unitTests.qunit.html": 1605192307050,
  "test/integration/opaTests.qunit.html": 1605192306946,
  "view/ViewSettingsDialog.fragment.xml": 1605192065199,
  "view/PedidoPrint.view.xml": 1605192308530,
  "view/Pedido1.view.xml": 1605192308426,
  "view/Pedido.view.xml": 1605192308198,
  "view/NotFound.view.xml": 1605192308038,
  "view/Master.view.xml": 1605193126021,
  "view/Home.view.xml": 1605193333913,
  "view/Historico.view.xml": 1605192741470,
  "view/Fornecedor.view.xml": 1605192307318,
  "view/DetailsAppointment.fragment.xml": 1605192065199,
  "view/DetailObjectNotFound.view.xml": 1605192307206,
  "view/DetailNoObjectsAvailable.view.xml": 1605192307166,
  "view/Detail2.view.xml": 1605192307138,
  "view/Detail.view.xml": 1605192307134,
  "view/Commod_Busca.view.xml": 1605192307106,
  "view/Calendar.view.xml": 1605192307098,
  "view/Busca.view.xml": 1605193126037,
  "localService/metadata.xml": 1605192065195,
  "img/background_cockpit.png": 1605192065195,
  "css/style.css": 1605192065191,
  "index.html": 1605192306778
}