{
  "view/fragment/popoverEmail.fragment.xml": 1605549184000,
  "controller/Master.controller.js": 1605549184000,
  "test/unit/controller/View1.controller.js": 1605549184000,
  "test/integration/pages/View1.js": 1605549184000,
  "test/integration/pages/Common.js": 1605549184000,
  "test/unit/allTests.js": 1605549184000,
  "test/integration/navigationJourney.js": 1605549184000,
  "test/integration/AllJourneys.js": 1605549184000,
  "model/models.js": 1605549184000,
  "model/jspdf.min.js": 1605549184000,
  "model/grouper.js": 1605549184000,
  "model/formatter.js": 1605549184000,
  "model/GroupSortState.js": 1605549184000,
  "controller/PedidoPrint.controller.js": 1607352222804,
  "controller/Pedido.controller.js": 1607352234732,
  "manifest.json": 1607379500670,
  "controller/ListSelector.js": 1605549184000,
  "controller/Home.controller.js": 1605808783000,
  "controller/Historico.controller.js": 1607370971336,
  "controller/Fornecedor.controller.js": 1605549184000,
  "controller/ErrorHandler.js": 1605549184000,
  "controller/Detail2.controller.js": 1605549184000,
  "controller/Detail.controller.js": 1606161686000,
  "controller/Commod_Busca.controller.js": 1607352288085,
  "controller/Calendar.controller.js": 1605549184000,
  "controller/Busca.controller.js": 1606161686000,
  "controller/BaseController.js": 1605549184000,
  "Component.js": 1605549184000,
  "manifest-bundle.zip": 1607379498187,
  "Component-preload.js": 1607379499847,
  "test/integration/pages/Common-dbg.js": 1605549184000,
  "test/integration/pages/View1-dbg.js": 1605549184000,
  "test/unit/controller/View1-dbg.controller.js": 1605549184000,
  "test/unit/allTests-dbg.js": 1605549184000,
  "test/integration/navigationJourney-dbg.js": 1605549184000,
  "test/integration/AllJourneys-dbg.js": 1605549184000,
  "model/models-dbg.js": 1605549184000,
  "model/jspdf.min-dbg.js": 1605549184000,
  "model/grouper-dbg.js": 1605549184000,
  "model/formatter-dbg.js": 1605549184000,
  "model/GroupSortState-dbg.js": 1605549184000,
  "controller/PedidoPrint-dbg.controller.js": 1607352222804,
  "controller/Pedido-dbg.controller.js": 1607352234732,
  "controller/Master-dbg.controller.js": 1605549184000,
  "controller/ListSelector-dbg.js": 1605549184000,
  "controller/Home-dbg.controller.js": 1605808783000,
  "controller/Historico-dbg.controller.js": 1607370971336,
  "controller/Fornecedor-dbg.controller.js": 1605549184000,
  "controller/ErrorHandler-dbg.js": 1605549184000,
  "controller/Detail2-dbg.controller.js": 1605549184000,
  "controller/Detail-dbg.controller.js": 1606161686000,
  "controller/Commod_Busca-dbg.controller.js": 1607352288085,
  "controller/Calendar-dbg.controller.js": 1605549184000,
  "controller/Busca-dbg.controller.js": 1606161686000,
  "controller/BaseController-dbg.js": 1605549184000,
  "Component-dbg.js": 1605549184000,
  "resources.json": 1607379500680,
  "view/fragment/uf.fragment.xml": 1605808783000,
  "i18n/i18n.properties": 1607379048357,
  "view/fragment/ped_criado.fragment.xml": 1607379010560,
  "view/fragment/lojasSum.fragment.xml": 1607379073541,
  "view/fragment/lojas.fragment.xml": 1605808783000,
  "view/fragment/lojaHistorico.fragment.xml": 1606162184000,
  "view/fragment/grupoLojas.fragment.xml": 1605808783000,
  "view/fragment/fornecedorEspecifico.fragment.xml": 1605808783000,
  "view/fragment/fornecedor.fragment.xml": 1605808783000,
  "view/fragment/fornecHistorico.fragment.xml": 1605808783000,
  "view/fragment/contrato.fragment.xml": 1605808783000,
  "view/fragment/comprador.fragment.xml": 1605808783000,
  "view/fragment/calendar_details.fragment.xml": 1605549184000,
  "view/fragment/calendar_create.fragment.xml": 1605549184000,
  "view/fragment/FilterColumn.fragment.xml": 1605549184000,
  "test/unit/unitTests.qunit.html": 1605549184000,
  "test/integration/opaTests.qunit.html": 1605549184000,
  "view/ViewSettingsDialog.fragment.xml": 1605549184000,
  "view/PedidoPrint.view.xml": 1605549184000,
  "view/Pedido1.view.xml": 1605549184000,
  "view/Pedido.view.xml": 1606156848000,
  "view/NotFound.view.xml": 1605549184000,
  "view/Master.view.xml": 1605549184000,
  "view/Home.view.xml": 1605808783000,
  "view/Historico.view.xml": 1607357972777,
  "view/Fornecedor.view.xml": 1605549184000,
  "view/DetailsAppointment.fragment.xml": 1605549184000,
  "view/DetailObjectNotFound.view.xml": 1605549184000,
  "view/DetailNoObjectsAvailable.view.xml": 1605549184000,
  "view/Detail2.view.xml": 1605549184000,
  "view/Detail.view.xml": 1606157164000,
  "view/Commod_Busca.view.xml": 1605549184000,
  "view/Calendar.view.xml": 1605549184000,
  "view/Busca.view.xml": 1607378747197,
  "localService/metadata.xml": 1605549184000,
  "img/background_cockpit.png": 1605549184000,
  "css/style.css": 1606157164000,
  "index.html": 1605549184000
}